Metric,Training Set,Testing Set
BLEU Score,0.85,0.82
Accuracy (%),99.82523918151855,83.7837815284729
Loss,0.009930531494319439,6.347123622894287
